id;nombre;apellido_1;apellido_2;alias;domicilio;colonia;localidad;estado;pais;latitud;longitud;cp;telefono;email;rfc;inicio;fin;cargo;comentario;area_id
1;Electronics one-to-one;Checking Account;Philippine Peso;invoice Technician;California Cambridgeshire 3rd generation;Gorgeous Cotton Computer;alarm Small;reboot;alarm Home Loan Account;bypassing strategic ;protocol USB;99671;Awesome HTTP Awesome Plastic Bacon;Aurore_OKeefe79@hotmail.com;Personal Loan Account;2020-09-11T18:09:33;2020-09-11T13:13:27;deposit web-enabled;recontextualize internet solution;1
2;Personal Loan Account port;Fresh target;Unbranded Wooden Bacon indexing CSS;Auto Loan Account Future Licensed Cotton Tuna;Handcrafted;driver;copy;haptic;Gloves experiences navigate;monitoring;backing up;9597;Ergonomic;Ezequiel.Turner24@yahoo.com;paradigm Avon;2020-09-11T18:56:42;2020-09-11T21:06:08;Fish;Metal Practical Plastic Ball withdrawal;2
3;Bedfordshire Sudanese Pound Lebanese Pound;Bulgaria;Via Tactics Automotive;Cambridgeshire;stable 6th generation;Health Avon system;Incredible Fresh Tuna synthesize;Sausages dot-com Personal Loan Account;reintermediate Ghana Brunei Dollar;Bedfordshire Directi;Developer Investment;7078;El Salvador;Winfield78@hotmail.com;Investor Optional mission-critical;2020-09-11T09:33:53;2020-09-11T22:53:14;bypass Director;adapter Refined Cotton Towels yellow;3
4;Grocery;gold Bacon;Sausages CSS;forecast Tuna monetize;South Carolina quantifying Bedfordshire;models;Ergonomic Concrete Fish;generate Business-focused;standardization Fish Pula;mobile Sleek;Berkshire Games;89181;online mint green USB;Russell_Boyle15@gmail.com;parsing;2020-09-11T15:13:59;2020-09-11T17:14:49;Orchestrator;out-of-the-box;4
5;JBOD;Sports deposit Fantastic;magenta;copying Persistent;Robust;recontextualize;copying cutting-edge;payment Unbranded;dynamic Alabama bandwidth;Industrial index Hom;Representative Brand;9016;deliver Hat invoice;Raegan38@gmail.com;generate Toys;2020-09-11T17:04:01;2020-09-11T00:03:21;Global;Product;5
6;Mexico Garden Unbranded Soft Keyboard;mindshare Car withdrawal;Concrete;Connecticut implement;Handcrafted;District Trinidad and Tobago Dollar Officer;protocol Fantastic Soft;Barbados Factors copy;Manager Fresh 5th generation;Generic Orchestrator;generating instructi;57870;Integration Dynamic connect;Gonzalo_Mante95@yahoo.com;Convertible Marks Convertible Marks leverage;2020-09-11T10:54:53;2020-09-11T16:06:01;open-source;Lead Rand;6
7;cross-media Secured Home;SSL action-items Handmade Concrete Towels;Towels;fuchsia;Rubber Implementation;Minnesota invoice;connect;Fish Incredible Wooden Towels Cheese;matrix Soft;Checking Account use;withdrawal Electroni;88322;interactive markets;Alysa87@gmail.com;Home Loan Account;2020-09-11T22:15:55;2020-09-11T11:52:16;bypass microchip;productize synthesizing Licensed;7
8;user-centric Vermont collaboration;Towels transmit Face to face;input Cotton Checking Account;withdrawal empowering;Clothing;Money Market Account navigate withdrawal;Investment Account Curve;ivory Circle relationships;array supply-chains;Rustic Cotton Comput;Bacon;32863;Advanced;Rowena63@hotmail.com;Hat Table;2020-09-11T00:14:09;2020-09-11T08:28:48;bypassing;Montana;8
9;secondary convergence Tools;online Concrete auxiliary;Brand Manager;Cayman Islands Dollar District;Progressive Rustic Steel Computer Sleek Plastic Hat;Facilitator Customer-focused RAM;Texas wireless;Implementation;Peso Uruguayo Uruguay Peso en Unidades Indexa;hack connecting Hait;compelling;86903;e-business Organized;Matteo_Lubowitz@hotmail.com;transparent recontextualize Greens;2020-09-11T17:28:02;2020-09-11T01:51:17;payment Incredible navigate;New Israeli Sheqel;9
10;Soap Nebraska;Incredible Granite;Auto Loan Account teal;Botswana violet Soft;Persevering Avon monitor;quantifying Gorgeous Soft Hat;Pre-emptive;Georgia;mesh Handcrafted process improvement;Branding Metal;payment;50586;Bike synthesizing virtual;Ole_Feest@hotmail.com;Handmade Rubber Hat hacking seize;2020-09-11T10:28:18;2020-09-11T14:21:01;withdrawal reboot Awesome;Home Loan Account Reduced Electronics;10
